{
  "accuracy": 0.9,
  "weighted_f1": 0.9005808032867889,
  "macro_f1": 0.8598444120844437,
  "precision": 0.9027560004428743,
  "recall": 0.9
}