strategy,weight_seed_3407,weight_seed_42,weight_seed_2024,accuracy,weighted_f1,macro_f1,precision,recall
author_original_weights,0.18749672,0.18847652,0.62402676,0.8994974874371859,0.8988796530859589,0.8484420989586976,0.8997712287599267,0.8994974874371859
equal_weights,0.3333333333333333,0.3333333333333333,0.3333333333333333,0.8984924623115578,0.8978583828420024,0.8475159721682435,0.8987540785612153,0.8984924623115578
best_single_seed_3407,1.0,0.0,0.0,0.9005025125628141,0.8997804069948664,0.8520261212439137,0.9006603799551589,0.9005025125628141
validation_optimized_weights,0.0,0.22,0.78,0.9005025125628141,0.8998980277910813,0.8493635221602707,0.9007903494562421,0.9005025125628141
