{
  "teacher_identity": "mkan_refine_supplied_source_reproduction",
  "strict_b_spline_reproduction": false,
  "training_protocol": "student_fixed_split_6090_995_950",
  "seeds": [
    {
      "seed": 3407,
      "accuracy": 0.9005025125628141,
      "weighted_f1": 0.8997804069948664,
      "macro_f1": 0.8520261212439137,
      "precision": 0.9006603799551589,
      "recall": 0.9005025125628141,
      "selected_epoch": 13,
      "selection": "best_weighted_f1",
      "test_accuracy": 0.9105263157894737,
      "test_weighted_f1": 0.9091174156413597,
      "test_macro_f1": 0.8028716185102457,
      "test_precision": 0.9095223754699167,
      "test_recall": 0.9105263157894737
    },
    {
      "seed": 42,
      "accuracy": 0.8994974874371859,
      "weighted_f1": 0.8988467896991437,
      "macro_f1": 0.8483219741761326,
      "precision": 0.8997543515117805,
      "recall": 0.8994974874371859,
      "selected_epoch": 10,
      "selection": "best_weighted_f1",
      "test_accuracy": 0.9084210526315789,
      "test_weighted_f1": 0.9073810748463265,
      "test_macro_f1": 0.8407778577508924,
      "test_precision": 0.9087039507044382,
      "test_recall": 0.9084210526315789
    },
    {
      "seed": 2024,
      "accuracy": 0.8994974874371859,
      "weighted_f1": 0.8988796530859589,
      "macro_f1": 0.8484420989586976,
      "precision": 0.8997712287599267,
      "recall": 0.8994974874371859,
      "selected_epoch": 13,
      "selection": "best_weighted_f1",
      "test_accuracy": 0.911578947368421,
      "test_weighted_f1": 0.91111019919242,
      "test_macro_f1": 0.8682327026032123,
      "test_precision": 0.911840558073783,
      "test_recall": 0.911578947368421
    }
  ],
  "config_path": "/home/lpc/projects/KD-LiteFusion-CLIP_FULL_RUN_MINI/mkan_refine/reproduction/configs/kd_formal_teacher.yaml"
}
