seed,accuracy,weighted_f1,macro_f1,precision,recall
3407,0.9052631578947369,0.9056520872625627,0.8811269737409662,0.9072057416475289,0.9052631578947369
42,0.9042105263157895,0.9053167107964232,0.8407802509959827,0.9078117679303325,0.9042105263157895
2024,0.8978947368421053,0.8994828540406018,0.8332421472517458,0.9037156641315668,0.8978947368421053
