{
  "accuracy": 0.9031578947368422,
  "weighted_f1": 0.903589496840409,
  "macro_f1": 0.8602086149515108,
  "precision": 0.9046159836196013,
  "recall": 0.9031578947368422
}