{
  "accuracy": 0.9063157894736842,
  "weighted_f1": 0.9064056129398471,
  "macro_f1": 0.8553683236770351,
  "precision": 0.9079863138003447,
  "recall": 0.9063157894736842
}